"rank","track","artist","billed_artist_count","is_collaboration","spotify_streams_total","daily_streams","daily_streams_rank","daily_stream_share_pct"
1,464,9,1,1,8.26438693688153,4.23520151527277,11,-0.233608090473683
2,189,21,1,1,8.0905425870336,5.709371085535,3,0.108588971923806
3,255,141,1,1,7.35519808366259,4.13488951490558,14,-0.142655713362772
4,60,21,1,1,6.35829697305259,4.86285522321246,7,0.20944705347254
5,618,347,1,1,5.74519100269371,5.77256665432805,2,0.611978861082218
6,448,21,1,1,5.16267339193827,4.23158061027047,12,0.296797356242425
7,370,275,1,1,4.47901027607802,5.83350346809586,1,1.06854178380729
8,207,21,1,1,4.34212910913232,3.19904506405616,20,0.158117494112916
9,344,382,1,1,4.28276007169945,2.31006331407872,31,-0.157064010726876
10,683,21,1,1,3.61465158001322,1.9793970965476,34,-0.134551046095463
11,372,310,1,1,3.60182058927799,3.46493156685573,19,0.501215075095662
12,129,93,1,1,3.50033983779644,5.16224802908685,5,1.28016365134258
13,663,333,1,1,3.42822407905137,2.12764298218328,32,-0.0210857043531372
14,182,156,1,1,3.42738343782201,1.17742914225629,58,-0.44072736508269
15,672,21,1,1,3.19394570476854,1.78630587139836,36,-0.109336525708279
16,355,151,1,1,3.03403505293547,1.27971970857116,52,-0.308351133049977
17,587,346,1,1,3.00536460583422,0.932862872958342,73,-0.470444478396156
18,571,275,1,1,2.95672441630706,4.66916913509856,9,1.38192225147657
19,239,177,1,1,2.91955159116698,2.33160338824119,30,0.243666759712289
20,699,293,1,1,2.8897447791371,4.47361440136741,10,1.32879165494643
21,150,170,1,1,2.87660425272924,4.20047962266146,13,1.20001749725475
22,18,189,1,1,2.73780648893687,0.582615749507065,102,-0.59471604316156
23,433,80,1,1,2.54351321853586,2.73945523073793,25,0.626387158446323
24,574,313,1,1,2.53738794569249,0.693643904440569,92,-0.494758480198083
25,462,347,1,1,2.51646715299675,2.59077828498293,27,0.558848264552082
26,715,313,1,1,2.42433348823124,0.377448375115053,132,-0.647846639691697
27,647,118,1,1,2.14418249497144,3.78710590003623,16,1.50799485341249
28,374,118,1,1,2.12548006616239,2.57295179374841,28,0.772271169257884
29,5,333,1,1,2.11726519499986,3.02607788057743,21,1.05953659795472
30,612,8,1,1,2.10870154982303,0.498615064054987,112,-0.507365740391675
31,321,346,1,1,2.06720692158822,1.53855191251804,39,0.158117494112916
32,331,21,1,1,2.04753915824937,1.36072237089336,50,0.054557856808413
33,564,385,1,1,1.97320516091813,1.20943535611587,55,-0.0111799999153152
34,279,141,1,1,1.96727105330428,0.493642785578619,114,-0.474046552737182
35,438,30,1,1,1.93213473279506,1.11353094546875,64,-0.0562059291781425
36,318,37,1,1,1.87866398630259,0.965578180714208,72,-0.133650527510206
37,443,92,1,1,1.87277264472213,0.411204693059079,130,-0.502863147465392
38,519,73,1,1,1.80389569734801,5.15965735776973,6,2.77862657720948
39,695,141,1,1,1.77385423116758,0.441514685349133,120,-0.454235143861538
40,413,269,1,1,1.75583531672821,0.368202135555618,135,-0.500161591709622
41,290,53,1,1,1.72956643734051,-0.294156222590609,352,-0.959426070190463
42,94,354,1,1,1.69261389052524,-0.111813481516642,261,-0.825248800987237
43,39,88,1,1,1.618976968936,0.34768367387594,140,-0.474947071322439
44,589,288,1,1,1.5701902115281,4.67439142844414,8,2.77142242852743
45,691,21,1,1,1.53851160240887,0.709752621099594,91,-0.175974901017264
46,418,33,1,1,1.53539165304464,0.96619244138424,71,0.0194376319834076
47,251,177,1,1,1.48418730873286,0.981010132985899,69,0.0572594125641829
48,527,346,1,1,1.41293154050992,0.420978981264682,125,-0.348874469386522
49,605,141,1,1,1.36049192578119,0.314254961622598,147,-0.41461232611025
50,504,118,1,1,1.34332787418089,0.890364655794487,76,0.0608614869052089
51,649,295,1,1,1.33661460452271,1.4427789752073,44,0.516523891045024
52,232,179,1,1,1.25203156391556,1.50285582403707,41,0.632690788543119
53,429,275,1,1,1.2202330711084,1.37590861889704,48,0.549843078699516
54,174,326,1,1,1.16009973420129,2.63889106020094,26,1.71061153509521
55,198,387,1,1,1.14003168869343,0.590872706092659,101,-0.0814204495653262
56,613,310,1,1,1.13473323546755,0.767904786496591,87,0.0788718586103399
57,514,391,1,1,1.11743109786827,1.03841009847468,66,0.331917581067431
58,711,281,1,1,1.09817141424656,0.895642986955572,75,0.217551720739849
59,559,250,1,1,1.08680918663935,0.197730790167751,170,-0.410109733183967
60,73,261,1,1,1.04303594906106,1.14285165478496,62,0.485906259146301
61,53,96,1,1,1.03664271622345,0.289766436243973,151,-0.302948021538438
62,469,128,1,1,1.01671811090243,0.40138945414214,131,-0.189482679796112
63,231,186,1,1,1.00288167501131,0.814892494803174,81,0.20944705347254
64,97,310,1,1,0.999263819910507,0.291449726009922,150,-0.28403713124805
65,36,118,1,1,0.980691901237856,1.22204170930542,54,0.614680416837988
66,538,345,1,1,0.972060613053958,0.433440929314251,121,-0.134551046095463
67,186,344,1,1,0.952076822511373,3.701930575759,17,3.04337904127491
68,680,161,1,1,0.943114365037089,0.0402968580887475,208,-0.500161591709622
69,125,99,1,1,0.920410439831938,5.51882311508976,4,4.8984473269034
70,294,252,1,1,0.91094014896402,0.841006116831639,78,0.304001504924478
71,7,277,1,1,0.906595652016319,0.517090300769084,109,-0.0138815556710848
72,607,359,1,1,0.88253199441783,0.25044082155832,158,-0.265126240957662
73,584,33,1,1,0.880784842436404,0.319371645238938,144,-0.194885791307651
74,694,252,1,1,0.854338460395783,0.772821027157446,85,0.280588021707807
75,157,201,1,1,0.853388610119454,0.1358046934261,186,-0.366884841091653
76,650,79,2,2,0.850995779707971,0.192790841200333,172,-0.30745061446472
77,491,21,1,1,0.841490274572977,0.124998016234723,189,-0.371387434017936
78,225,4,1,1,0.841253254170175,1.16087212307317,60,0.688522940829025
79,717,170,1,1,0.817806051063664,1.36957634574421,49,0.928961403092524
80,212,9,1,1,0.795031519012075,0.431671427524439,122,-0.0273893344499331
81,144,355,1,1,0.794862213905108,0.120208938309067,193,-0.354277580898061
82,15,119,1,1,0.791432805976256,-0.158704201296378,283,-0.645145083935927
83,698,310,1,1,0.785906782898786,0.625357515638337,97,0.182431495914843
84,505,359,1,1,0.769882248017267,1.14630444634072,61,0.747957167455957
85,594,374,2,2,0.712142469228546,0.0733936540502121,199,-0.36238224816537
86,135,59,1,1,0.688955852662239,0.249479557492235,159,-0.154362454971107
87,99,21,1,1,0.682640445909069,0.822345524266233,79,0.486806777731558
88,542,96,1,1,0.657987596321522,0.0259102266064099,212,-0.386696249967297
89,92,205,1,1,0.656586471381323,-0.239918083077047,320,-0.686568938857728
90,175,284,1,1,0.654631113298839,0.414385916739668,128,0.0536573382231566
91,285,252,1,1,0.645267424263094,1.39400452270613,46,1.17480297686756
92,237,214,1,1,0.642172819339885,0.591894318575449,100,0.266179724343703
93,118,373,1,1,0.620056852395535,0.419847448451464,127,0.086976525877649
94,366,269,1,1,0.602041301793364,-0.176931578441866,293,-0.592915005991047
95,195,347,1,1,0.593865779815271,0.459504979428994,117,0.155415938357147
96,493,265,1,1,0.584801939757648,0.556441779061896,104,0.276985947366781
97,82,48,1,1,0.572221068149447,0.774482763917429,84,0.547141522943746
98,147,97,1,1,0.565827753384571,3.69210024973788,18,4.0258448177898
99,146,356,1,1,0.535837491746036,-0.578433905381003,569,-1.05127896588663
100,32,279,1,1,0.527365793059085,-0.0848657581572914,249,-0.448832032349999
101,565,30,1,1,0.52044837028994,0.192148561622545,173,-0.10663496995251
102,678,214,1,1,0.509683151496913,-0.118339731723162,267,-0.480350182833978
103,702,69,1,1,0.499398180704783,1.95615002431262,35,2.0942324524145
104,513,269,1,1,0.491361771226126,1.63938118502841,37,1.71691516519201
105,586,122,1,1,0.464803471719475,-0.251347642140843,330,-0.625333675060283
106,320,252,1,1,0.463506712478986,0.095573852489873,195,-0.185880605455086
107,495,104,1,1,0.460947815497209,0.622426306826954,98,0.485005740561044
108,328,147,1,1,0.456847996742154,-0.142257102443686,276,-0.483051738589748
109,220,151,1,1,0.456718691418507,-0.286440246454763,348,-0.666757529982084
110,83,9,1,1,0.447337759102676,0.511643856161463,110,0.358933138625127
111,675,176,1,1,0.447240882519025,0.34907384276075,139,0.150913345430864
112,654,21,1,1,0.444628067757033,0.0682791257344687,200,-0.206592532915987
113,343,306,1,1,0.43494825031328,0.491282731425337,115,0.345425359846279
114,606,370,1,1,0.428732780368148,-0.22982265508255,315,-0.581208264382712
115,625,56,1,1,0.422292767061059,0.156622741888706,177,-0.0760173380537867
116,227,85,1,1,0.42137122988437,-0.229846363389112,316,-0.578506708626942
117,648,59,1,1,0.393389675436917,-0.0576550881251547,235,-0.33626720919293
118,230,347,1,1,0.386812043598201,-0.0470790280976146,232,-0.318256837487799
119,326,21,1,1,0.373468583349874,-0.00516489739543935,220,-0.253419499349327
120,398,395,1,1,0.372588877271886,2.99088397713547,22,3.77279909533271
121,88,21,1,1,0.3696996688264,-0.0125618890429873,224,-0.26062364803138
122,17,275,1,1,0.351867023257526,1.01927102917683,67,1.15769312374769
123,112,334,1,1,0.347780809248051,-0.536168460681582,531,-0.96032658877572
124,634,346,1,1,0.347105155076758,0.0622270416592022,201,-0.141755194777515
125,523,315,1,1,0.345940621626023,2.8355837926471,23,3.65212960490833
126,12,104,1,1,0.344389863761449,0.858569661393372,77,0.950573849138681
127,339,21,1,1,0.343782228498805,0.357419166670804,138,0.265279205758446
128,712,38,1,1,0.34264538646433,0.978238416418665,70,1.11716978741114
129,701,90,1,1,0.340988672547216,4.11565345708088,15,5.42525069927848
130,521,290,1,1,0.3384238189712,-0.191268638010481,296,-0.483952257175004
131,124,269,1,1,0.330854365999176,-0.440570102719172,446,-0.823447763816724
132,360,91,1,1,0.330160678190631,0.318750918667116,145,0.226556906592414
133,121,118,1,1,0.329013204888445,1.4962304300031,42,1.85649554590677
134,549,143,1,1,0.325415850881408,0.795669368782055,82,0.892940659682262
135,564,385,1,1,0.320188438234552,0.3681504083413,136,0.305802542094991
136,412,258,1,1,0.319950078079971,0.151572872590861,180,0.00412881603404622
137,171,262,1,1,0.318966840032697,-0.115158508042573,265,-0.365984322506396
138,638,354,1,1,0.306044143770143,-0.377525404967882,407,-0.727092275194273
139,132,176,1,1,0.305063464745151,0.622294833490561,99,0.680418273561716
140,440,310,1,1,0.29450557013025,0.638763485349219,95,0.718240054142491
141,603,327,1,1,0.289268793678696,-0.209965870686029,304,-0.481250701419235
142,640,30,1,1,0.289039628655028,0.0156703934719401,215,-0.160666085067902
143,705,352,1,1,0.281209955405875,-0.487445735394731,485,-0.873876804591091
144,658,16,1,1,0.276568399826383,-0.109179704187591,259,-0.329063060510878
145,40,111,1,1,0.271514846478692,-0.20840974365528,302,-0.468643441225643
146,241,349,1,1,0.271403637442559,-0.445969130713667,453,-0.810840503623132
147,185,286,1,1,0.267201949359814,1.29216010361476,51,1.7025068678279
148,710,137,1,1,0.242119347883374,1.5462549568503,38,2.13115371441002
149,576,259,1,1,0.240627331869269,0.315267952903002,146,0.322011876629609
150,126,217,1,1,0.223804945888039,0.0810988536830746,198,-0.00667740698903245
151,704,347,1,1,0.221191519081169,-0.0764385328245663,244,-0.239911720570479
152,522,29,1,1,0.214241127815916,-0.247821570364797,327,-0.492056924442313
153,724,255,1,1,0.213803144646311,-0.306846632503418,360,-0.580307745797455
154,349,176,1,1,0.211960865469347,0.340948359511549,141,0.395854400620646
155,621,347,1,1,0.211920841589772,-0.107597713549683,258,-0.279534538321767
156,405,147,1,1,0.205649752668821,-0.232085720708985,318,-0.462339811128847
157,240,177,1,1,0.194256387880883,0.577315865340014,103,0.77857479935468
158,155,286,1,1,0.1912284958493,2.52161037823668,29,3.75478872362758
159,61,234,1,1,0.185170249148872,-0.735094084545826,711,-1.22147697850012
160,277,310,1,1,0.173703708853713,1.10989279806168,65,1.63676901110417
161,364,389,1,1,0.168802916124297,-0.220136734201407,308,-0.420015437621789
162,568,346,1,1,0.156671439672075,0.0366975060924173,209,-0.00847844415954536
163,219,290,1,1,0.155019255850903,-0.300428147326729,356,-0.536182335119884
164,308,181,1,1,0.145319496346503,0.24535000154914,162,0.333718618237944
165,234,175,1,1,0.144349665455518,0.136319810268688,184,0.162620087039199
166,643,103,1,1,0.142479352695474,-0.221910546592413,310,-0.403806103087171
167,515,30,1,1,0.141873322243413,-0.103321597166019,256,-0.215597718768552
168,3,388,1,1,0.141602027327481,0.153144086725786,179,0.192337200352665
169,689,339,1,1,0.140141341264143,-0.0696601124482439,242,-0.160666085067902
170,585,196,1,1,0.138638746994088,0.29428825689565,149,0.420168402422573
171,332,261,1,1,0.138177029013296,1.44251171793332,45,2.24912164907863
172,496,248,1,1,0.134567005195374,-0.218647421489153,307,-0.392999880064093
173,266,343,1,1,0.122380054344862,-0.0779752621499456,247,-0.157064010726876
174,109,118,1,1,0.101792021292338,1.1299995973274,63,1.84298776712792
175,506,230,1,1,0.101658388281291,-0.694886951916162,675,-1.1494354916796
176,346,309,1,1,0.0968777298408646,1.53553449168279,40,2.52287929899662
177,692,129,1,1,0.0927018006547281,0.478156950792013,116,0.789381022377759
178,70,75,1,1,0.0919618865905683,-0.0324768665556165,229,-0.0535043734223729
179,258,321,1,1,0.077963441938497,-0.051178409832357,233,-0.0697137079569908
180,305,105,1,1,0.0732984647991335,-0.472630199093669,472,-0.773018723042357
181,300,288,1,1,0.0655292538730573,0.287139124816712,153,0.514722853874511
182,301,233,2,2,0.0630329155885431,0.0461161696995807,205,0.110390009094319
183,487,113,1,1,0.0581507107102439,0.760380632113843,89,1.33059269211695
184,540,302,1,1,0.0554826046815003,0.128961614031879,187,0.260776612832163
185,708,347,1,1,0.0522027622075091,-0.280129526307904,344,-0.434423734985894
186,22,14,1,1,0.0517834102622796,-0.240586226261994,322,-0.365984322506396
187,677,117,1,1,0.0481097530541209,0.262178588607431,155,0.498513519339893
188,213,381,1,1,0.0406485934713725,0.253031492875439,157,0.494911444998866
189,397,269,1,1,0.038430581390003,-0.121964947326651,268,-0.149859862044824
190,20,347,1,1,0.0378939626101308,-0.25329172327898,331,-0.376790545529475
191,363,192,1,1,0.0341420745004492,0.679916794940793,93,1.24504342651757
192,562,95,1,1,0.0294396421422947,-0.167984925665359,289,-0.221000830280091
193,27,34,1,1,0.0247340869094905,0.125532530782681,188,0.296797356242425
194,573,30,1,1,0.020595531014878,-0.345083820387786,383,-0.523575074926293
195,272,171,1,1,0.0200537122631741,0.212360970617505,167,0.455288627247578
196,55,275,1,1,0.00905567545421871,0.517771375757611,108,1.0145106686919
197,30,292,1,1,0.00530193675215222,0.122821162632152,190,0.319310320873839
198,454,320,1,1,0.000171863337043879,-0.314021628189516,367,-0.454235143861538
199,105,347,1,1,-0.00080509522617361,-0.310217522636508,362,-0.446130476594229
200,351,275,1,1,-0.00468941153415159,0.21694745028708,166,0.503016112266175
201,446,360,1,1,-0.0073523175910636,0.122096981631693,191,0.336420173993714
202,76,235,1,1,-0.00755246108519551,0.246408254142073,161,0.560649301722595
203,361,151,1,1,-0.00965459427621096,-0.43864110868521,443,-0.671260122908367
204,222,121,1,1,-0.0158558715271408,-0.199243250217919,298,-0.233608090473683
205,721,82,1,1,-0.0216866303032489,1.22724676024622,53,2.37249269525877
206,533,347,1,1,-0.0221633313354077,-0.0896893208924931,252,-0.0273893344499331
207,245,323,1,1,-0.0259999177814574,1.3810102154092,47,2.66876330980818
208,169,231,1,1,-0.0285657834001839,-0.0224784270879664,225,0.103185860412267
209,432,401,1,1,-0.02977940574163,0.45616210820366,118,0.983893036793174
210,430,122,1,1,-0.0341030064169836,-0.240211203958185,321,-0.291241279930102
211,693,92,1,1,-0.0341081389193012,1.48595395675849,43,2.89119140036655
212,16,286,1,1,-0.0420793776666514,0.932746486726125,74,1.8952178450728
213,85,153,1,1,-0.047329816694797,-0.3026050009293,357,-0.394800917234606
214,390,262,1,1,-0.0505161946148466,-0.123072771833306,269,-0.0562059291781425
215,79,221,1,1,-0.0540944547494117,0.0840710132057927,197,0.33732069257897
216,484,128,1,1,-0.0564455215317079,0.0466226653397828,204,0.269781798684729
217,720,354,1,1,-0.060098263190516,-0.600430903269953,586,-0.946818809996871
218,211,200,1,1,-0.0622351769160161,-0.445387199552584,451,-0.652349232617979
219,414,30,1,1,-0.0624418649530094,-0.520620122177674,516,-0.794631169088514
220,697,202,1,1,-0.0641206944129733,0.533912421925585,106,1.20542060876629
221,449,318,1,1,-0.0652731267244411,-0.497560561094598,496,-0.749605239825687
222,384,237,1,1,-0.065402595902622,0.259906901778609,156,0.688522940829025
223,407,297,1,1,-0.0671671116454096,-0.401231556229939,421,-0.564998929848094
224,411,258,1,1,-0.0682572117644117,-0.44599930492202,454,-0.64964767686221
225,310,356,1,1,-0.0685172826447591,-0.699022973761047,679,-1.13142511997446
226,160,346,1,1,-0.0694401884887331,-0.337503628189526,378,-0.442528402253203
227,46,14,1,1,-0.0702266757945806,0.983997379612793,68,2.07802311787988
228,556,285,1,1,-0.0706916130350423,-0.172205004233511,291,-0.125545860242897
229,615,50,1,1,-0.0756056346084596,-0.638730594871622,616,-1.01435770389111
230,681,289,1,1,-0.0838665970875753,-0.345782137781086,384,-0.446130476594229
231,700,92,1,1,-0.0870078379027359,0.322391221374781,143,0.850616286175204
232,216,283,1,1,-0.0891621924976139,2.01274606267887,33,4.13750912236161
233,359,316,1,1,-0.0918377346306544,-0.35062940882285,389,-0.448832032349999
234,465,45,1,1,-0.0922864165374849,-0.508970722453024,502,-0.756809388507739
235,367,280,1,1,-0.0925466319953624,0.263963177501419,154,0.748857686041214
236,399,176,1,1,-0.0930096029814151,-0.0657396206630197,238,0.106787934753293
237,194,347,1,1,-0.0932692401291723,-0.39179133961681,415,-0.528077667852575
238,653,380,1,1,-0.0951605214503284,0.675925178235881,94,1.55842389418685
239,357,21,1,1,-0.0966626819877933,-0.0769644261701379,245,0.0905786002186751
240,133,390,1,1,-0.099201227272587,0.209410364100753,169,0.655203753174532
241,432,401,1,1,-0.100044331139211,0.72838088415605,90,1.6754913102702
242,544,136,2,2,-0.103457633131213,-0.0659853249310326,239,0.121196232117398
243,690,333,1,1,-0.106357829468984,1.20191982293551,56,2.62823997347164
244,575,241,1,1,-0.107635634595281,-0.318123165224855,370,-0.371387434017936
245,447,77,1,1,-0.113613688959028,0.0212849515260958,213,0.309404616436017
246,81,265,1,1,-0.114858034025615,-0.115684401388145,266,0.0383485222737951
247,578,284,1,1,-0.117092503849158,-0.134023854164656,274,0.00502933461930292
248,66,353,1,1,-0.123544767692295,0.453836538859923,119,1.19371386715795
249,323,266,1,1,-0.12428763595732,-0.481852730346542,479,-0.684767901687215
250,636,152,1,1,-0.124734833534841,-0.143705464444605,278,-0.0048763698185193
251,48,251,1,1,-0.126868793059477,-0.164068744481328,285,-0.0426981503992945
252,450,45,1,1,-0.128095012923043,-0.61552231804738,600,-0.952221921508411
253,518,378,1,1,-0.130943064964968,-0.312351270227147,364,-0.338068246363443
254,265,151,1,1,-0.132910736233764,-0.440264050034454,445,-0.59471604316156
255,588,207,1,1,-0.134364371732885,-0.0608169141003741,236,0.176127865818047
256,619,68,1,1,-0.144703554279542,-0.100877486289469,253,0.109489490509063
257,543,191,1,1,-0.152175904163118,-0.488372514651272,487,-0.680265308760932
258,162,257,1,1,-0.162729769884181,0.524452807607086,107,1.44315751527401
259,572,287,1,1,-0.163485939281972,0.0205844788321992,214,0.391351807694363
260,365,104,1,1,-0.164532723972964,0.115374599070882,194,0.592167452206574
261,508,70,1,1,-0.164589157402203,-0.238644300424453,319,-0.148959343459567
262,19,332,1,1,-0.164836519917657,-0.206172541636004,300,-0.0805199309800695
263,444,125,1,1,-0.165070499373077,-0.500265463343337,498,-0.69647464329555
264,33,38,1,1,-0.166025655644759,-0.113005362746565,263,0.115793120605858
265,651,249,1,1,-0.167282044019601,-0.47608945655122,474,-0.64424456535067
266,452,322,1,1,-0.168411811393605,-0.294621767519475,353,-0.262424685201893
267,295,275,1,1,-0.169442437135985,0.141999027340742,183,0.657905308930302
268,669,64,1,1,-0.171460132230187,-0.356573727868286,394,-0.389397805723067
269,599,325,1,1,-0.17260576457849,-0.442921535670068,448,-0.570402041359633
270,516,3,1,1,-0.174625093398781,-0.393050035165227,416,-0.463240329714104
271,11,245,1,1,-0.175513016299729,-0.340771063893979,380,-0.352476543727548
272,275,347,1,1,-0.17844653293893,-0.314538900332701,368,-0.293042317100616
273,617,189,1,1,-0.178726656722699,-0.368005442232679,402,-0.406507658842941
274,8,252,1,1,-0.181574154550758,0.233282473508749,163,0.877631843732901
275,356,142,1,1,-0.183024021395595,-0.0780011257571048,248,0.216651202154592
276,659,28,1,1,-0.183350106376174,-0.350603545215691,388,-0.36508380392114
277,557,226,1,1,-0.184505912163344,-0.535724468758681,530,-0.759510944263509
278,235,139,1,1,-0.185750290964688,-0.107453308409711,257,0.158117494112916
279,156,304,1,1,-0.189243978063411,1.17834514500985,57,2.92631162519155
280,657,123,1,1,-0.191013462453982,-0.286108330162886,347,-0.218299274524322
281,217,108,1,1,-0.194572691366338,-0.401766070777897,422,-0.46414084829936
282,535,53,1,1,-0.195022303388612,-0.700331241223186,680,-1.10981267392831
283,291,341,1,1,-0.195767793326182,-0.550020577615961,542,-0.783824946065436
284,115,169,1,1,-0.202033373843237,-0.222279102994432,312,-0.0661116336159648
285,145,314,1,1,-0.20369469978356,-0.690041836174994,672,-1.08549867212638
286,206,145,1,1,-0.208366361224064,-0.539175105013845,535,-0.753207314166713
287,347,275,1,1,-0.213964032106188,0.0947138875518276,196,0.649800641662993
288,14,190,1,1,-0.217488143136489,-0.0610583077671938,237,0.312106172191787
289,304,168,1,1,-0.218329608457773,-0.671452368529277,652,-1.04047274286355
290,149,35,1,1,-0.221246156514195,0.0440794106357891,206,0.552544634455286
291,642,290,1,1,-0.222631483949607,-0.245888265729642,325,-0.0904256354178917
292,387,349,1,1,-0.223107452455614,-0.391452957423143,414,-0.41461232611025
293,254,63,1,1,-0.223430612150834,0.494974761347321,113,1.56292648711314
294,555,151,1,1,-0.225809134206091,-0.274788691429517,340,-0.15076038063008
295,687,392,1,1,-0.231141953510873,-0.159615893448742,284,0.114892602020602
296,113,104,1,1,-0.232483579978195,0.209860821925444,168,0.949673330553424
297,136,54,1,1,-0.233536894754296,-0.311336123646146,363,-0.223702386035861
298,170,246,1,1,-0.235176013585999,0.0343331413379418,210,0.559748783137338
299,164,183,1,1,-0.236465139132901,-0.534495947418616,528,-0.724390719438503
300,190,157,1,1,-0.237015936149222,-0.484279598818319,482,-0.610925377696178
301,467,165,2,2,-0.244989295367013,-0.361673169079853,398,-0.324560467584595
302,106,182,1,1,-0.246193920166838,-0.602405158616443,589,-0.873876804591091
303,312,176,1,1,-0.246966691884332,0.168798034958927,176,0.892940659682262
304,393,307,1,1,-0.247615035360195,-0.377490920158337,406,-0.357879655239087
305,93,175,1,1,-0.249272351683683,0.376827648543231,133,1.37651913996503
306,271,34,1,1,-0.251129580177256,0.765273164468136,88,2.27613720663632
307,316,89,1,1,-0.251176331731231,0.00664399457335882,217,0.530031669823872
308,336,277,1,1,-0.252051488436273,-0.00669731611962542,222,0.501215075095662
309,409,51,1,1,-0.254684505498467,-0.110061222131603,260,0.267980761514216
310,602,147,1,1,-0.256359190402569,-0.462330017542495,463,-0.544287002387193
311,63,217,1,1,-0.256566654338974,-0.479807350080364,477,-0.584810338723738
312,431,245,1,1,-0.256631974467061,0.412674608065963,129,1.48187981444005
313,456,18,1,1,-0.257012338671681,-0.633751850493464,614,-0.940515179900075
314,6,310,1,1,-0.257568277828822,-0.46050447793717,462,-0.538883890875654
315,396,379,1,1,-0.257834339038165,0.549012457905399,105,1.80156391220612
316,633,91,1,1,-0.259908636235391,0.149710692875394,181,0.881233918073927
317,548,173,1,1,-0.260286841415561,-0.0516741289695762,234,0.413864772325777
318,417,310,1,1,-0.2608494986086,-0.0685565985427822,241,0.376042991745002
319,419,195,1,1,-0.263470265134746,-0.308605357790248,361,-0.17957697535829
320,627,370,1,1,-0.26387199307906,-0.12898691667039,272,0.240965203956519
321,445,144,1,1,-0.265618229402795,0.376566857171042,134,1.4269481807394
322,244,55,1,1,-0.269434343670586,-0.559253885371816,552,-0.760411462848765
323,276,196,1,1,-0.270789854400047,-0.360220496477742,395,-0.291241279930102
324,458,236,1,1,-0.270888783984625,-0.546442778625597,540,-0.728893312364786
325,263,348,1,1,-0.272096608767115,-0.533213543563636,527,-0.697375161880807
326,471,268,1,1,-0.273917943479222,-0.515468953751788,511,-0.654150269788492
327,13,365,1,1,-0.274441338234343,-0.519514452971616,514,-0.663155455641058
328,614,355,1,1,-0.275054843344708,-0.316689890328113,369,-0.183179049699316
329,511,207,1,1,-0.276918862162944,-0.199562234706217,299,0.096882230315471
330,400,346,1,1,-0.277597730774655,-0.481199674265771,478,-0.569501522774377
331,192,127,1,1,-0.277989121425569,-0.415665604325402,434,-0.413711807524993
332,436,350,1,1,-0.279543941918737,-0.602801733926218,590,-0.857667470056473
333,287,346,1,1,-0.279704268761087,-0.540257065913341,536,-0.708181384903885
334,590,207,1,1,-0.281232250845423,-0.114830902351889,264,0.306703060680247
335,250,40,1,1,-0.282845822827563,-0.402753198451142,423,-0.377691064114731
336,382,185,1,1,-0.283813509151852,-0.240704767794808,323,0.0104324461308421
337,281,252,1,1,-0.284330258159841,-0.306419882985291,359,-0.146257787703798
338,110,330,1,1,-0.284949435528636,-0.344734661691136,382,-0.236309646229453
339,404,300,1,1,-0.286738158369209,0.288085301778621,152,1.28376572568361
340,54,187,1,1,-0.287084604685273,-0.191979887207361,297,0.132902973725733
341,127,122,1,1,-0.292052105487065,-0.520548997257986,515,-0.652349232617979
342,229,63,1,1,-0.292079396905492,0.302756432939711,148,1.33509528504323
343,628,15,1,1,-0.292140620670227,-0.142420905289028,277,0.260776612832163
344,342,227,1,1,-0.292544608843261,-0.285608300424474,346,-0.0841220053210958
345,273,270,1,1,-0.293460936409616,-0.454144185876589,459,-0.4902558872718
346,317,285,1,1,-0.29549219769539,0.18499727424301,174,1.06043711653998
347,608,396,1,1,-0.299440952208521,-0.603461255908779,591,-0.847761765618651
348,652,249,1,1,-0.299766415505721,-0.483880868207947,481,-0.555993743995528
349,388,81,1,1,-0.304951360912743,-0.0376151031779225,230,0.542638930017464
350,325,40,1,1,-0.306483203217132,-0.507436148428242,501,-0.608223821940408
351,314,139,1,1,-0.306739119903116,2.79833157713538,24,7.51445381707368
352,42,128,1,1,-0.307098746870672,-0.367884745399269,401,-0.264225722372406
353,330,378,1,1,-0.307947503718722,-0.167293074173849,288,0.230158980933441
354,601,1,1,1,-0.30868476237558,-0.68307374934617,665,-1.03867170569304
355,580,357,1,1,-0.311277317006358,-0.38026910262736,409,-0.289440242759589
356,604,385,1,1,-0.313194945172744,0.136309033765705,185,0.991997704060483
357,451,165,2,2,-0.313363556307567,-0.547022554486084,541,-0.700076717636576
358,596,58,1,1,-0.315746232557188,-0.608834420296115,594,-0.852264358544934
359,421,40,1,1,-0.316821971308203,-0.277512991383626,342,-0.0273893344499331
360,218,150,1,1,-0.317935536360336,-0.139397018551992,275,0.318409802288583
361,168,251,1,1,-0.318797497956133,-0.313284515385477,365,-0.112938600049305
362,242,189,1,1,-0.320172926649987,-0.530829781103791,526,-0.654150269788492
363,348,278,1,1,-0.320369778595684,-0.628479985234169,609,-0.898190806393018
364,253,310,1,1,-0.320855761505273,-0.12317838156254,270,0.365236768721923
365,45,146,2,2,-0.321248882267296,-0.622628344114387,607,-0.882881990443656
366,334,40,1,1,-0.321318737310577,-0.0271575846831956,226,0.606575749570679
367,536,100,1,1,-0.32339955977366,-0.346469678671403,385,-0.189482679796112
368,716,114,1,1,-0.324960274210804,-0.226637120800768,314,0.113992083435346
369,673,158,1,1,-0.32630023321728,-0.446066119240514,455,-0.436224772156407
370,664,204,1,1,-0.328717983975697,-0.187818001755317,294,0.218452239325105
371,620,56,1,1,-0.328799569075917,-0.551555151640744,544,-0.700076717636576
372,537,113,1,1,-0.328856816958576,0.193862025596846,171,1.18290764413487
373,56,22,1,1,-0.329495449643668,0.15360532105346,178,1.08295008117139
374,611,225,1,1,-0.330932381618814,-0.556161029015688,548,-0.709982422074399
375,338,213,1,1,-0.331406142907862,-0.645136148244731,623,-0.935112068388536
376,139,359,1,1,-0.332455149273566,-0.264548858295047,336,0.0311443735917428
377,696,211,1,1,-0.33246295646019,-0.497028201847237,494,-0.558695299751298
378,479,176,1,1,-0.335049188233653,-0.242241497120187,324,0.0923796373891882
379,286,351,1,1,-0.335906017327132,-0.652871522085946,629,-0.952221921508411
380,714,326,1,1,-0.337248144996559,0.219087663779509,165,1.27386002124578
381,4,283,1,1,-0.338124602899371,-0.360334727409362,396,-0.203890977160217
382,209,397,2,2,-0.340457428816623,-0.482408797900466,480,-0.513669370488471
383,545,328,1,1,-0.340552204206837,-0.434231363664557,440,-0.390298324308323
384,228,294,1,1,-0.341117227652118,-0.642056223692183,621,-0.922504808194945
385,221,157,1,1,-0.34123353063656,-0.354677063343274,391,-0.184980086869829
386,427,363,1,1,-0.34321838253518,-0.131594830392282,273,0.391351807694363
387,176,247,1,1,-0.344026782975335,-0.297680139066058,355,-0.0345934831319855
388,410,184,1,1,-0.345734046016214,-0.0430572371843498,231,0.625486639861066
389,441,165,2,2,-0.346367271501681,-0.464254700975263,464,-0.460538773958334
390,507,62,1,1,-0.346644363976569,-0.509554808914704,505,-0.577606190041686
391,74,306,1,1,-0.347488017237808,-0.3260934668311,372,-0.102132377026227
392,595,310,1,1,-0.348737653841995,0.0293457757573981,211,0.819998654276481
393,379,111,1,1,-0.349861691126557,-0.445499275183607,452,-0.408308696013454
394,461,60,2,2,-0.349870997100242,-0.670618267198391,649,-0.991844739259699
395,80,101,1,1,-0.354473936021451,-0.513647724747657,508,-0.580307745797455
396,151,94,1,1,-0.354590084789861,-0.443061630208847,449,-0.396601954405119
397,9,269,1,1,-0.355936222076122,-0.258240293448785,335,0.0887775630481619
398,481,122,1,1,-0.356100558535306,-0.267947767335893,338,0.0635630426609785
399,196,330,1,1,-0.358253852894963,-0.42051718596836,436,-0.332665134851904
400,259,310,1,1,-0.358432984454724,-0.0771260737148833,246,0.567853450404647
401,591,107,1,1,-0.359255351084285,-0.563226104371359,554,-0.706380347733372
402,50,61,1,1,-0.359877111571618,-0.591281652237365,579,-0.779322353139153
403,91,100,1,1,-0.361919563158219,-0.209067110337245,303,0.229258462348184
404,570,159,1,1,-0.363581019218319,-0.66180739835947,641,-0.963028144531489
405,524,383,1,1,-0.364673924141404,-0.538545757239637,534,-0.636139898083361
406,593,145,1,1,-0.366528627347452,-0.551850427822479,545,-0.67035960432311
407,288,67,1,1,-0.36666048687413,-0.622184352191486,606,-0.856766951471216
408,378,328,1,1,-0.367549547118314,-0.613573926308049,598,-0.833353468254546
409,10,155,1,1,-0.368292979235705,-0.164525668207808,286,0.36073417579564
410,563,337,1,1,-0.368658933879828,-0.715362307583908,695,-1.10260852524625
411,667,368,1,1,-0.370230139826405,0.000760023944627481,219,0.80468983832712
412,172,87,1,1,-0.372346403061359,1.16430120632237,59,3.91868310614427
413,566,45,1,1,-0.373700737893575,-0.613086828373217,596,-0.827950356743007
414,1,28,1,1,-0.376467783145399,-0.221748899047668,309,0.224755869421901
415,460,312,1,1,-0.377454992255499,-0.150076533008169,279,0.419267883837316
416,509,346,1,1,-0.380120707935745,-0.528111947051472,521,-0.59471604316156
417,380,269,1,1,-0.380259560195628,-0.467804481057871,469,-0.431722179230124
418,503,178,1,1,-0.3803274489845,-0.575181556780727,563,-0.720788645097477
419,280,311,1,1,-0.381504575138104,-0.0114001820214173,223,0.803789319741863
420,416,198,1,1,-0.382570236835273,-0.432994221122106,439,-0.334466172022417
421,609,142,1,1,-0.386828107746204,0.120534388699154,192,1.17840505120859
422,111,203,1,1,-0.388083686486877,-0.68098526306806,664,-1.00355148086803
423,117,359,1,1,-0.388606266788579,-0.214479070135319,306,0.269781798684729
424,482,161,1,1,-0.389788501348246,-0.554559640672411,547,-0.656851825544262
425,141,267,1,1,-0.39013326092646,-0.675655204692656,656,-0.988242664918673
426,134,336,1,1,-0.390956037192356,-0.618940624793596,603,-0.83245294966929
427,51,7,1,1,-0.391306729268553,-0.42377384516983,438,-0.297544910026898
428,34,86,1,1,-0.392796966979038,0.323552928396351,142,1.75653798294329
429,188,251,1,1,-0.399276290916555,-0.319739640672309,371,0.00142726027827661
430,459,209,1,1,-0.399375263874392,-0.48796731813911,486,-0.46414084829936
431,43,348,1,1,-0.399976258209155,-0.537386205518663,533,-0.600119154673099
432,478,242,1,1,-0.402277093938253,0.424696874793825,123,2.07802311787988
433,558,165,2,2,-0.404201632910577,-0.466119035991326,465,-0.397502472990375
434,425,41,1,1,-0.405704188626624,-0.247427150355618,326,0.215750683569336
435,583,102,1,1,-0.407873425068598,-0.572155514743093,561,-0.690171013198755
436,386,12,1,1,-0.408268830155596,-0.737689066464138,712,-1.15393808460588
437,411,258,1,1,-0.409598827770249,-0.600842565683904,587,-0.769416648701331
438,626,12,1,1,-0.409623285469087,-0.755802212678006,723,-1.20436712538024
439,24,243,1,1,-0.410514471002962,-0.615436106023516,599,-0.809939985037876
440,623,337,1,1,-0.414812279046951,-0.75426979395382,722,-1.19986453245396
441,645,286,1,1,-0.414955434897979,0.815151130874766,80,3.24329416720186
442,199,200,1,1,-0.415490872961356,-0.594779705105655,581,-0.747804202655174
443,191,162,1,1,-0.416085476969289,0.79396452601014,83,3.19016357067172
444,200,244,1,1,-0.416823400682785,-0.53075434558291,525,-0.564998929848094
445,278,189,1,1,-0.416847935489639,-0.52937064259989,523,-0.560496336921811
446,428,286,1,1,-0.417893076816039,0.364285954371587,137,1.98076711067218
447,624,31,1,1,-0.420060144595061,0.0582591332608526,202,1.1180703059964
448,498,167,1,1,-0.420225950925801,-0.613039411760091,595,-0.795531687673771
449,329,147,1,1,-0.424638712563951,-0.100918437000805,254,0.67681619922069
450,201,219,1,1,-0.424864104114085,-0.690151756505421,673,-1.01345718530586
451,148,400,1,1,-0.424974513154551,-0.550904250860569,543,-0.613626933451948
452,47,279,1,1,-0.427241749065659,-0.416786360635637,435,-0.225503423206374
453,629,372,1,1,-0.427645404710374,-0.257561373760854,334,0.234661573859723
454,181,36,1,1,-0.42772768860199,-0.639924631402141,617,-0.867573174494295
455,52,118,1,1,-0.428741557808635,-0.290513764582347,350,0.141908159578299
456,57,148,1,1,-0.429211010687286,-0.655100102902836,633,-0.910798066586609
457,261,269,1,1,-0.430242248474544,-0.222074349437755,311,0.342723804090509
458,313,378,1,1,-0.4306227861722,-0.369654247189081,403,-0.0832214867358391
459,502,378,1,1,-0.431545985990485,-0.362563308226251,399,-0.061609040689682
460,62,276,1,1,-0.431697975528601,-0.595572855725205,582,-0.736997979632095
461,534,291,1,1,-0.432888749801044,-0.255985849024736,332,0.250870908394341
462,553,46,1,1,-0.432979284250376,-0.24874619432074,328,0.271582835855242
463,656,120,1,1,-0.434358886415598,-0.674146494275033,655,-0.963028144531489
464,89,52,1,1,-0.434991952865782,-0.679931321076321,660,-0.979237479066107
465,725,144,1,1,-0.43657604548954,-0.154872076835615,282,0.554345671625799
466,676,169,1,1,-0.436775061278937,-0.534920541636147,529,-0.555093225410272
467,358,399,1,1,-0.436956833788247,-0.454290746317159,460,-0.319157356073056
468,64,355,1,1,-0.437602271255755,-0.497200625894965,495,-0.444329439423716
469,303,18,1,1,-0.439643026466003,-0.451253927776542,458,-0.306550095879464
470,665,133,1,1,-0.441368920731257,-0.558609450493432,551,-0.619930563548744
471,674,257,1,1,-0.442286298894331,-0.476656300608127,476,-0.377691064114731
472,466,378,1,1,-0.442298212082809,-0.0752682046006098,243,0.803789319741863
473,392,369,1,1,-0.443271695966054,-0.578528738607254,570,-0.676663234419906
474,726,296,1,1,-0.445680993758213,-0.660934501617845,640,-0.918002215268662
475,468,201,1,1,-0.447063579039805,-0.528086083444313,520,-0.523575074926293
476,463,355,1,1,-0.449102261972122,-0.467701026629234,468,-0.341670320704469
477,434,387,1,1,-0.454759995179489,-0.174327975321167,292,0.54624100435849
478,101,320,1,1,-0.455278469479337,-0.617940565316771,601,-0.783824946065436
479,385,182,1,1,-0.455724361039837,-0.641868712540278,619,-0.854965914300703
480,333,358,1,1,-0.455969207906268,-0.720677278855136,700,-1.09180230222318
481,335,130,1,1,-0.456103183084136,-0.518447579176296,512,-0.483952257175004
482,274,129,1,1,-0.45743409635648,-0.476052816441078,473,-0.354277580898061
483,177,11,1,1,-0.45929410073863,0.422257074518469,124,2.35988543506518
484,394,278,1,1,-0.460007875185353,-0.628900268850507,610,-0.812641540793645
485,44,215,1,1,-0.460731018256024,-0.152520643884719,281,0.629088714202093
486,208,225,1,1,-0.461141902777242,-0.596370316945949,584,-0.713584496415425
487,96,229,1,1,-0.462606487614641,-0.351097109052313,390,0.0320448921769992
488,389,305,1,1,-0.463672245696829,-0.587027088859667,575,-0.682966864516702
489,306,286,1,1,-0.464306998884865,-0.266225682159206,337,0.293195281901399
490,501,160,1,1,-0.464400453800304,-0.278778152833833,343,0.255373501320624
491,497,249,1,1,-0.464984797622854,-0.649582533375527,625,-0.872075767420578
492,630,394,1,1,-0.465367171455142,-0.577157967427813,566,-0.651448714032723
493,262,376,1,1,-0.467983981376215,-0.459422517037675,461,-0.288539724174333
494,167,263,1,1,-0.468615973133426,-0.372889353384585,405,-0.0228867415236503
495,307,342,1,1,-0.46902000949897,-0.717121032870738,698,-1.07649348627381
496,116,118,1,1,-0.469374335290423,-0.207351491062347,301,0.486806777731558
497,252,170,1,1,-0.469412209784051,-0.270775521718639,339,0.292294763316143
498,494,282,1,1,-0.473053852707801,-0.680297722177743,661,-0.961227107360976
499,383,378,1,1,-0.473707666033551,-0.189912953935217,295,0.552544634455286
500,193,269,1,1,-0.474951355682001,-0.686867078396195,667,-0.98103851623662
501,561,203,1,1,-0.4760981687468,-0.716605916028149,697,-1.07199089334753
502,670,189,1,1,-0.477227618050237,-0.584981708593489,574,-0.663155455641058
503,246,124,1,1,-0.479081598368634,-0.741027627088279,715,-1.14673393592383
504,284,351,1,1,-0.479356642661846,-0.589708282801844,577,-0.67576271583465
505,100,104,1,1,-0.479395081007842,-0.0282632538892539,227,1.07214385814832
506,236,267,1,1,-0.480894504210737,-0.664344187161674,644,-0.907195992245583
507,457,9,1,1,-0.481152025707305,-0.40910271400874,429,-0.110237044293536
508,622,294,1,1,-0.481597652208999,-0.641890265546244,620,-0.836955542595572
509,23,357,1,1,-0.484832617817656,-0.256878143471731,333,0.374241954574489
510,166,197,1,1,-0.485050929888067,-0.48541544223273,483,-0.342570839289726
511,529,374,2,2,-0.485098963362808,-0.476580865087246,475,-0.314654763146773
512,486,2,1,1,-0.486099680833468,-0.509317725849078,503,-0.416413363280763
513,371,12,1,1,-0.486803595092639,-0.669991074724779,648,-0.921604289609688
514,671,356,1,1,-0.48725295169461,-0.738626622223661,713,-1.13772875007126
515,78,273,1,1,-0.487660963942231,-0.377577132182201,408,0.00142726027827661
516,138,70,1,1,-0.488632896026653,-0.0851524131366398,250,0.926259847336754
517,661,180,1,1,-0.488787165070493,-0.372344062333644,404,0.0203381505686641
518,550,13,1,1,-0.490119418094615,-0.663984251962041,643,-0.899991843563531
519,319,194,1,1,-0.494590304719106,-0.520908932457619,517,-0.441627883667946
520,224,19,1,1,-0.495117309093228,-0.724783126491668,706,-1.09090178363792
521,610,61,1,1,-0.495555191058562,-0.57053903929564,558,-0.598318117502586
522,122,28,1,1,-0.497598746253643,-0.54445990207672,539,-0.512768851903214
523,520,20,1,1,-0.498461763265409,-0.399030994320806,419,-0.0453997061550641
524,703,364,1,1,-0.498701892085108,-0.680338672889079,662,-0.946818809996871
525,299,254,1,1,-0.499797789763066,-0.718448698038247,699,-1.06928933759176
526,660,298,1,1,-0.50045844642524,-0.703693510153889,682,-1.02156185257317
527,682,239,1,1,-0.501991768239687,0.0144569592360515,216,1.29547246729194
528,120,367,1,1,-0.502009594649145,-0.33097522268241,375,0.181530977329587
529,632,84,1,1,-0.502487683625592,-0.582248787436994,571,-0.628035230816053
530,517,49,1,1,-0.503544598382191,-0.391170613044988,413,-0.00937896274480206
531,474,228,1,1,-0.504233924768578,-0.620113108318149,605,-0.74870472124043
532,65,172,1,1,-0.506029548776587,-0.619143223049676,604,-0.744202128314147
533,233,271,1,1,-0.506679188630969,-0.58399673622084,572,-0.628935749401309
534,375,128,1,1,-0.507494119156233,-0.66552744718921,645,-0.893688213466735
535,401,264,1,1,-0.508132930153612,-0.696391351732592,677,-0.993645776430212
536,25,299,1,1,-0.510115608570029,-0.283248246271191,345,0.357132101454614
537,423,133,1,1,-0.510292123276496,-0.660932346317249,639,-0.87657836034686
538,142,55,1,1,-0.510802944605752,-0.383642148061047,410,0.0311443735917428
539,552,23,1,1,-0.511909825356745,-0.493892239479177,491,-0.328162541925621
540,256,75,1,1,-0.51199056708804,0.228896436794658,164,2.04110185588436
541,354,6,1,1,-0.512847121484212,0.771463187781585,86,3.8268302104481
542,315,181,1,1,-0.513449031476666,-0.349872898313442,387,0.147311271089838
543,28,234,1,1,-0.513542616511883,-0.769753473439829,726,-1.2322832015232
544,402,104,1,1,-0.513795685020523,0.0424198291764033,207,1.43775440376248
545,104,303,1,1,-0.513988262290581,-0.557521023692146,550,-0.534381297949371
546,184,174,1,1,-0.514679863363442,-0.169010848749343,290,0.746156130285444
547,107,206,1,1,-0.515380004149078,-0.339600735670023,379,0.186033570255869
548,679,70,1,1,-0.516154149353108,-0.486676293081744,484,-0.297544910026898
549,422,329,1,1,-0.516544971332403,-0.584348050218087,573,-0.619030044963487
550,531,104,1,1,-0.516605809557058,-0.128633447372547,271,0.88573651100021
551,668,166,1,1,-0.51666629597639,-0.564269269860116,555,-0.553292188239759
552,158,71,1,1,-0.516966385917062,-0.692522587161686,674,-0.976535923310338
553,114,336,1,1,-0.517669119459738,-0.41038511786372,430,-0.0426981503992945
554,161,337,1,1,-0.517974679250297,-0.713569097487533,692,-1.04587585437509
555,499,42,1,1,-0.518964731718489,-0.712870780094233,690,-1.04317429861932
556,560,323,1,1,-0.519175892020412,0.247125969240742,160,2.14105941884784
557,119,335,1,1,-0.519643099128096,-0.515249113090934,510,-0.386696249967297
558,298,386,1,1,-0.521907737462914,-0.670680770915692,650,-0.900892362148787
559,282,164,1,1,-0.52256129054911,-0.415236699506678,433,-0.0481012619108337
560,424,310,1,1,-0.523383763202193,-0.407701768620947,428,-0.0219862229383936
561,248,245,1,1,-0.526712256015054,0.146932510406371,182,1.84839087863946
562,214,256,1,1,-0.527920355494851,-0.667585759258968,646,-0.886484064784682
563,453,57,1,1,-0.528204310583167,-0.327199136037158,373,0.259876094246907
564,84,346,1,1,-0.528559585767068,-0.57748988371969,567,-0.582108782967968
565,341,59,1,1,-0.52962838961589,-0.334281453797602,377,0.240064685371263
566,49,133,1,1,-0.529978074468628,-0.655003114375988,632,-0.842358654107112
567,489,145,1,1,-0.53197981302276,-0.529982747969326,524,-0.41731388186602
568,480,272,1,1,-0.532350350774586,-0.0316233675193609,228,1.27295950266053
569,646,59,1,1,-0.533089831106155,-0.637086100516412,615,-0.779322353139153
570,547,60,2,2,-0.5339839901179,-0.304587877478176,358,0.351728989943075
571,180,371,1,1,-0.53407446673622,0.0523579202273484,203,1.56562804286891
572,37,375,1,1,-0.534645046777906,-0.588518556872518,576,-0.612726414866691
573,492,135,1,1,-0.535305091395202,-0.590893698129976,578,-0.619930563548744
574,475,65,1,1,-0.535426444954695,-0.0677052548071233,240,1.16309623525923
575,293,252,1,1,-0.53584120897297,-0.467394973944516,467,-0.197587347063421
576,260,44,1,1,-0.536477012757724,-0.644985277202969,622,-0.802735836355823
577,159,182,1,1,-0.537591132023723,-0.639991445720635,618,-0.784725464650692
578,455,245,1,1,-0.537892841232731,-0.225462481975618,313,0.633591307128375
579,707,76,1,1,-0.537897535183208,-0.502261271695793,499,-0.313754244561516
580,270,274,1,1,-0.538136247143112,-0.498694249208412,497,-0.301146984367925
581,569,17,1,1,-0.538170189127922,0.509641581907217,111,3.15144127150569
582,108,110,1,1,-0.541154442841678,-0.290446950263852,349,0.421068921007829
583,173,351,1,1,-0.541689977290075,-0.65726833530302,636,-0.840557616936598
584,210,61,1,1,-0.542226692454967,-0.567752235624229,557,-0.531679742193601
585,130,240,1,1,-0.543785175578898,-0.400190546041779,420,0.0500552638821302
586,154,16,1,1,-0.543843107795198,-0.414309920250138,432,0.00052674169302016
587,426,68,1,1,-0.54584662465295,-0.577599804050117,568,-0.561396855507068
588,289,30,1,1,-0.546435773268749,-0.598514841039571,585,-0.632537823742335
589,437,138,1,1,-0.546503122301509,-0.753427071420547,720,-1.17104793772575
590,165,232,1,1,-0.546875626307743,-0.673797335578383,654,-0.893688213466735
591,684,260,1,1,-0.546979312493061,-0.492525778900929,489,-0.264225722372406
592,539,345,1,1,-0.547483782049496,-0.443785811209306,450,-0.0931271911736613
593,2,208,1,1,-0.54798983232026,-0.721914421397587,701,-1.06118467032445
594,528,329,1,1,-0.548553713603053,-0.650940372751388,626,-0.813542059378902
595,688,310,1,1,-0.550517081280704,-0.354903369905917,392,0.223855350836645
596,71,362,2,2,-0.552916383946284,-0.688468466739472,669,-0.941415698485332
597,67,324,1,1,-0.553355889999205,-0.702316273072659,681,-0.989143183503929
598,243,86,1,1,-0.553567209336412,0.180380620365082,175,2.11404386129015
599,635,252,1,1,-0.555602509154525,-0.348349100791642,386,0.260776612832163
600,373,225,1,1,-0.556080564396216,-0.63228840138837,613,-0.740600053973121
601,247,55,1,1,-0.557295131310858,-0.655399689685764,634,-0.821646726646211
602,38,74,1,1,-0.55748272547538,-0.704919876193358,683,-0.996347332185982
603,403,331,1,1,-0.55780002014213,-0.676092730713767,657,-0.893688213466735
604,179,116,1,1,-0.55833590639585,-0.721979080415485,702,-1.05668207739817
605,408,10,1,1,-0.559096572154827,-0.230839956964147,317,0.687622422243768
606,415,133,1,1,-0.55935441172196,-0.65727480120481,637,-0.826149319572494
607,581,284,1,1,-0.560165260341625,-0.450316372017019,457,-0.089525116832635
608,472,210,1,1,-0.560689700874214,-0.521288265362621,518,-0.340769802119213
609,324,163,1,1,-0.560987843837481,-0.575222507492062,564,-0.532580260778858
610,718,279,1,1,-0.561382087484987,-0.543455531998703,538,-0.418214400451276
611,72,72,1,1,-0.561401190995961,-0.698389315385645,678,-0.971132811798798
612,666,78,2,2,-0.561842056077666,-0.395567426262062,417,0.109489490509063
613,283,267,1,1,-0.562559907610736,-0.679209295376458,659,-0.901792880734044
614,477,47,1,1,-0.562632085533,-0.753881839846431,721,-1.16834638196998
615,29,317,1,1,-0.562648519178918,-0.407581071787537,427,0.068966154172518
616,616,134,1,1,-0.56303370263454,-0.439115274816464,444,-0.0426981503992945
617,541,223,1,1,-0.563227696764393,-0.651248580736703,628,-0.80093479918531
618,643,103,1,1,-0.56364568968084,-0.437897529979382,442,-0.0372950388877551
619,352,188,1,1,-0.563811717697126,0.420621201365646,126,3.03617489259285
620,90,377,2,2,-0.5644026687128,-0.565687457652682,556,-0.493857961612826
621,655,253,1,1,-0.564865466205816,0.63104966451397,96,3.79981465289041
622,297,282,1,1,-0.565282206117002,-0.66321696494965,642,-0.842358654107112
623,302,174,1,1,-0.565329333572555,-0.441570162195996,447,-0.0463002247403206
624,140,98,1,1,-0.566362942431307,-0.0852817311724361,251,1.23693875925026
625,582,275,1,1,-0.566541134237122,-0.102739666004936,255,1.17480297686756
626,567,384,1,1,-0.566639765028139,-0.687153733375544,668,-0.927007401121227
627,485,118,1,1,-0.567336951612911,-0.402822168070234,424,0.0977827489007274
628,163,106,1,1,-0.568404859081047,-0.708047217359031,687,-1.00175044369752
629,439,350,1,1,-0.57042487223498,-0.648056580553131,624,-0.782924427480179
630,597,193,1,1,-0.571492813437873,-0.706986809465502,686,-0.996347332185982
631,327,43,1,1,-0.571651790889942,-0.727460009832651,707,-1.07018985617702
632,598,252,1,1,-0.572560788375523,-0.492538710704509,490,-0.215597718768552
633,257,290,1,1,-0.573009581125126,-0.625999234247476,608,-0.700076717636576
634,554,238,1,1,-0.574433255340765,-0.553113433972089,546,-0.432622697815381
635,197,394,1,1,-0.574504430858821,-0.604836337689413,593,-0.621731600719257
636,526,397,2,2,-0.574560025738385,-0.50634556632636,500,-0.261524166616636
637,362,240,1,1,-0.57520213310345,-0.751722228648633,719,-1.1575401589469
638,488,315,1,1,-0.575242190717782,-0.421724154302459,437,0.0482542267116173
639,381,25,1,1,-0.577249644903604,-0.66924103011716,647,-0.854065395715447
640,641,45,1,1,-0.578302053660515,-0.630184828006083,611,-0.709982422074399
641,178,336,1,1,-0.579340279361727,-0.212155656092179,305,0.83080487729956
642,577,39,1,1,-0.579450794425715,-0.406290046730171,425,0.115793120605858
643,644,149,1,1,-0.57958758886542,-0.676944074449426,658,-0.880180434687887
644,205,165,2,2,-0.579964150680999,-0.541339026812837,537,-0.380392619870501
645,406,12,1,1,-0.580199884343784,-0.471127954577836,470,-0.121043267316614
646,686,170,1,1,-0.580760927087737,-0.151805084086646,280,1.05863607936947
647,377,12,1,1,-0.580847866375821,-0.764707914743177,724,-1.20346660679499
648,267,301,1,1,-0.581088130134548,-0.689643105564622,671,-0.926106882535971
649,470,378,1,1,-0.581518869969897,0.00483138677161411,218,1.64127160403046
650,473,269,1,1,-0.581840704371091,-0.396972682251048,418,0.156316456942403
651,546,32,1,1,-0.581865981342599,-0.727572085463675,708,-1.06568726325074
652,59,335,1,1,-0.582767219834066,-0.658477458937716,638,-0.809939985037876
653,369,218,1,1,-0.583899594422862,-0.773867942278748,730,-1.23678579444948
654,442,154,1,1,-0.583909902800756,-0.294654097028424,354,0.542638930017464
655,69,357,1,1,-0.583953859189149,-0.595764677478303,583,-0.575805152871173
656,311,216,1,1,-0.584770192116455,-0.770831123738132,728,-1.2259795714264
657,95,101,1,1,-0.584977733160876,-0.654235827363597,631,-0.791929613332745
658,340,26,1,1,-0.585347249231489,-0.557208505105638,549,-0.429921142059611
659,490,24,1,1,-0.5859895782821,-0.738781803866617,714,-1.10621059958728
660,391,140,2,2,-0.589844593543983,-0.366175592026161,400,0.294095800486656
661,35,305,1,1,-0.589994978271515,-0.695699500241082,676,-0.942316217070589
662,98,218,1,1,-0.591533866320869,-0.770613438377875,727,-1.22327801567063
663,26,126,1,1,-0.591889305359304,-0.275165869033923,341,0.643497011566197
664,637,288,1,1,-0.592334917403246,-0.355892652879759,393,0.340922766919996
665,483,287,1,1,-0.594596143708355,-0.652931870502651,630,-0.77752131596864
666,631,361,1,1,-0.595780344522431,-0.604519508501712,592,-0.592915005991047
667,264,16,1,1,-0.598350566744064,-0.361470570823773,397,0.338221211164227
668,202,372,1,1,-0.599037305192662,-0.519234263894057,513,-0.262424685201893
669,510,66,1,1,-0.599274846074573,-0.714235085371884,693,-1.00715355520906
670,187,372,1,1,-0.599393505672756,-0.512007540993641,507,-0.233608090473683
671,249,92,1,1,-0.599778573466354,-0.613453229474639,597,-0.620831082134
672,368,308,1,1,-0.599962996563716,-0.329287622315268,374,0.466094850270657
673,639,212,1,1,-0.600861984464964,-0.560575084637535,553,-0.41731388186602
674,152,330,1,1,-0.601563999939241,-0.509451354486067,504,-0.220100311694835
675,131,284,1,1,-0.60319785614885,-0.571989556597155,560,-0.456936699617308
676,435,83,1,1,-0.603808407058351,-0.313991453981164,366,0.538136337091181
677,238,205,1,1,-0.604908169775613,-0.651164524013435,627,-0.760411462848765
678,31,321,1,1,-0.60543846569817,-0.406850424885288,426,0.185133051670613
679,58,366,1,1,-0.60765114286868,-0.112457916395027,262,1.33419476645797
680,41,4,1,1,-0.608976258582067,-0.573991830851401,562,-0.455135662446795
681,322,220,1,1,-0.609059424396617,-0.711269391750956,689,-0.989143183503929
682,592,62,1,1,-0.609161346736068,-0.731242562379693,709,-1.06748830042125
683,713,340,1,1,-0.609701435376662,-0.708096789272753,688,-0.976535923310338
684,269,338,1,1,-0.609805420355542,-0.591876515202028,580,-0.523575074926293
685,685,112,1,1,-0.610809477567146,-0.773010132641299,729,-1.22958164576743
686,268,4,1,1,-0.612368910083524,-0.536267604509025,532,-0.302047502953181
687,309,398,1,1,-0.613248100501655,-0.00642574824445321,221,1.77995146615996
688,662,319,1,1,-0.614113686174205,-0.749635897671119,717,-1.136828231486
689,476,5,1,1,-0.614252316748542,-0.331272654164741,376,0.508419223777715
690,709,174,1,1,-0.614339771696484,-0.386672500699873,411,0.290493726145629
691,376,249,1,1,-0.614475380600442,-0.602282306482436,588,-0.557794781166042
692,512,286,1,1,-0.61559820343375,-0.166137833054068,287,1.16399675384448
693,21,61,1,1,-0.618227553045932,-0.51518876467423,509,-0.206592532915987
694,350,115,1,1,-0.618320092303681,-0.705766909327823,685,-0.962127625946233
695,137,215,1,1,-0.618661738645747,-0.34306861432996,381,0.476901073293735
696,530,131,1,1,-0.619764691707173,-0.391116730530073,412,0.289593207560373
697,600,199,1,1,-0.620323479041657,-0.52193054494041,519,-0.2291054975474
698,337,25,1,1,-0.62043608566058,-0.671529959350755,653,-0.824348282401981
699,532,203,1,1,-0.620881953124825,-0.73379012768488,710,-1.07199089334753
700,723,255,1,1,-0.622551664561892,-0.435800422498885,441,0.120295713532141
701,143,290,1,1,-0.622639452038153,-0.670706634522852,651,-0.818945170890441
702,123,132,1,1,-0.623799060214363,-0.715929151640815,696,-0.999048887941751
703,395,175,1,1,-0.624227891626315,-0.450307750814633,456,0.0671651170020048
704,223,168,1,1,-0.625218069395032,-0.741197895835411,716,-1.09900645090523
705,203,319,1,1,-0.625810172211696,-0.722815337046968,704,-1.02516392691419
706,292,374,2,2,-0.62671202274804,-0.47226164269165,471,-0.0147820742563413
707,226,255,1,1,-0.627188887634733,-0.68914307582621,670,-0.888285101955196
708,204,52,1,1,-0.627783824170986,-0.632001746409021,612,-0.656851825544262
709,345,208,1,1,-0.629298509941806,-0.722108398451282,703,-1.02066133398791
710,87,109,1,1,-0.629904448828097,-0.714885986152059,694,-0.990944220674442
711,215,165,2,2,-0.630116842858278,-0.65610016237966,635,-0.752306795581456
712,102,165,2,2,-0.630402590707966,-0.414036197074369,431,0.231059499518697
713,183,310,1,1,-0.631877291153219,-0.494984976881655,492,-0.0940277097589178
714,296,393,1,1,-0.633040407744159,-0.751185558800078,718,-1.136828231486
715,719,151,1,1,-0.633809295145346,-0.510628148611814,506,-0.152561417800594
716,353,222,1,1,-0.63386358882714,-0.292132395330397,351,0.740753018773905
717,86,320,1,1,-0.633885212806388,-0.618688454623793,602,-0.59471604316156
718,579,138,1,1,-0.634770885117117,-0.766304992485261,725,-1.19806349528345
719,103,154,1,1,-0.634963192509118,-0.528284371099201,522,-0.222801867450605
720,525,306,1,1,-0.63516097938951,-0.467035038744883,466,0.0293433364212296
721,722,255,1,1,-0.636116415177751,-0.575304408914733,565,-0.412811288939737
722,420,224,1,1,-0.637537535190358,-0.680879653338827,663,-0.845960728448138
723,68,286,1,1,-0.63989362845145,-0.250925203223908,329,0.937066070359833
724,551,60,2,2,-0.640318917713915,-0.723117079130493,705,-1.01795977823214
725,77,349,1,1,-0.640424252083075,-0.495614324655864,493,-0.0751168194685303
726,75,27,1,1,-0.640471331346118,-0.684306581287428,666,-0.856766951471216
727,153,219,1,1,-0.641120821803719,-0.713495817267248,691,-0.977436441895594
728,500,350,1,1,-0.641286242594378,-0.705316451503133,684,-0.943216735655845
729,128,23,1,1,-0.641369615636721,-0.490178656551226,488,-0.0499022990813469
730,706,151,1,1,-0.642963500978515,-0.571028292531069,559,-0.383094175626271
